phone,message
+966564312571,"Hi! Your shop in Yanbu deserves a strong online presence. ğŸš€ We're offering a complete website package with FREE domain, FREE hosting & FREE logo â€” normally $2,000, now only $700! Limited time only. Want details?

ğŸŒ prismaticcoders.com
ğŸ“§ contact@prismaticcoders.com"
+966920000089,"Hello from Prismatic Coders! We can boost your sales with a stunning site & social media. ğŸš€ We're offering a complete website package with FREE domain, FREE hosting & FREE logo â€” normally $2,000, now only $700! Ready to elevate your brand?

ğŸŒ prismaticcoders.com
ğŸ“§ contact@prismaticcoders.com"
+9668001000330,"Hey! Want more customers in Yanbu? ğŸš€ We're offering a complete website package with FREE domain, FREE hosting & FREE logo â€” normally $2,000, now only $700! Message us now before it ends!

ğŸŒ prismaticcoders.com
ğŸ“§ contact@prismaticcoders.com"
+966546992613,"Salam! Have you considered taking your store online? ğŸš€ We're offering a complete website package with FREE domain, FREE hosting & FREE logo â€” normally $2,000, now only $700! Offer ends in 5 days â€” shall we show a demo?

ğŸŒ prismaticcoders.com
ğŸ“§ contact@prismaticcoders.com"
+966559922120,"Hi! We help cell phone stores like yours grow online. ğŸš€ We're offering a complete website package with FREE domain, FREE hosting & FREE logo â€” normally $2,000, now only $700! Interested in seeing examples?

ğŸŒ prismaticcoders.com
ğŸ“§ contact@prismaticcoders.com"
+966507791484,"Hello! A professional website + marketing can 10x your visibility in Yanbu. ğŸš€ We're offering a complete website package with FREE domain, FREE hosting & FREE logo â€” normally $2,000, now only $700! Shall we set up a call?

ğŸŒ prismaticcoders.com
ğŸ“§ contact@prismaticcoders.com"
+966598441850,"Hey there! Grab our mega website deal for your business in Yanbu. ğŸš€ We're offering a complete website package with FREE domain, FREE hosting & FREE logo â€” normally $2,000, now only $700! Do you already have a website?

ğŸŒ prismaticcoders.com
ğŸ“§ contact@prismaticcoders.com"
+966133624533,"Hi from Prismatic Coders! We make brands shine online. ğŸš€ We're offering a complete website package with FREE domain, FREE hosting & FREE logo â€” normally $2,000, now only $700! Would you like a free mockup?

ğŸŒ prismaticcoders.com
ğŸ“§ contact@prismaticcoders.com"
+966502711348,"Hello! This week only: ğŸš€ We're offering a complete website package with FREE domain, FREE hosting & FREE logo â€” normally $2,000, now only $700! Need help with social media marketing too?

ğŸŒ prismaticcoders.com
ğŸ“§ contact@prismaticcoders.com"
+966509527727,"Hey! Let's build your storeâ€™s online presence â€” fast & secure. ğŸš€ We're offering a complete website package with FREE domain, FREE hosting & FREE logo â€” normally $2,000, now only $700! Want to explore?

ğŸŒ prismaticcoders.com
ğŸ“§ contact@prismaticcoders.com"
+966509702982,"Hi! Your shop in Yanbu deserves a strong online presence. ğŸš€ We're offering a complete website package with FREE domain, FREE hosting & FREE logo â€” normally $2,000, now only $700! Limited time only. Want details?

ğŸŒ prismaticcoders.com
ğŸ“§ contact@prismaticcoders.com"
+966580282506,"Hello from Prismatic Coders! We can boost your sales with a stunning site & social media. ğŸš€ We're offering a complete website package with FREE domain, FREE hosting & FREE logo â€” normally $2,000, now only $700! Ready to elevate your brand?

ğŸŒ prismaticcoders.com
ğŸ“§ contact@prismaticcoders.com"
+966568944389,"Hey! Want more customers in Yanbu? ğŸš€ We're offering a complete website package with FREE domain, FREE hosting & FREE logo â€” normally $2,000, now only $700! Message us now before it ends!

ğŸŒ prismaticcoders.com
ğŸ“§ contact@prismaticcoders.com"
+966549025056,"Salam! Have you considered taking your store online? ğŸš€ We're offering a complete website package with FREE domain, FREE hosting & FREE logo â€” normally $2,000, now only $700! Offer ends in 5 days â€” shall we show a demo?

ğŸŒ prismaticcoders.com
ğŸ“§ contact@prismaticcoders.com"
+966590558713,"Hi! We help cell phone stores like yours grow online. ğŸš€ We're offering a complete website package with FREE domain, FREE hosting & FREE logo â€” normally $2,000, now only $700! Interested in seeing examples?

ğŸŒ prismaticcoders.com
ğŸ“§ contact@prismaticcoders.com"
+966567623706,"Hello! A professional website + marketing can 10x your visibility in Yanbu. ğŸš€ We're offering a complete website package with FREE domain, FREE hosting & FREE logo â€” normally $2,000, now only $700! Shall we set up a call?

ğŸŒ prismaticcoders.com
ğŸ“§ contact@prismaticcoders.com"
+9668002444464,"Hey there! Grab our mega website deal for your business in Yanbu. ğŸš€ We're offering a complete website package with FREE domain, FREE hosting & FREE logo â€” normally $2,000, now only $700! Do you already have a website?

ğŸŒ prismaticcoders.com
ğŸ“§ contact@prismaticcoders.com"
+966541107257,"Hi from Prismatic Coders! We make brands shine online. ğŸš€ We're offering a complete website package with FREE domain, FREE hosting & FREE logo â€” normally $2,000, now only $700! Would you like a free mockup?

ğŸŒ prismaticcoders.com
ğŸ“§ contact@prismaticcoders.com"
+966533261926,"Hello! This week only: ğŸš€ We're offering a complete website package with FREE domain, FREE hosting & FREE logo â€” normally $2,000, now only $700! Need help with social media marketing too?

ğŸŒ prismaticcoders.com
ğŸ“§ contact@prismaticcoders.com"
+966143221088,"Hey! Let's build your storeâ€™s online presence â€” fast & secure. ğŸš€ We're offering a complete website package with FREE domain, FREE hosting & FREE logo â€” normally $2,000, now only $700! Want to explore?

ğŸŒ prismaticcoders.com
ğŸ“§ contact@prismaticcoders.com"
+966545505901,"Hi! Your shop in Yanbu deserves a strong online presence. ğŸš€ We're offering a complete website package with FREE domain, FREE hosting & FREE logo â€” normally $2,000, now only $700! Limited time only. Want details?

ğŸŒ prismaticcoders.com
ğŸ“§ contact@prismaticcoders.com"
+966143250481,"Hello from Prismatic Coders! We can boost your sales with a stunning site & social media. ğŸš€ We're offering a complete website package with FREE domain, FREE hosting & FREE logo â€” normally $2,000, now only $700! Ready to elevate your brand?

ğŸŒ prismaticcoders.com
ğŸ“§ contact@prismaticcoders.com"
+966143947870,"Hey! Want more customers in Yanbu? ğŸš€ We're offering a complete website package with FREE domain, FREE hosting & FREE logo â€” normally $2,000, now only $700! Message us now before it ends!

ğŸŒ prismaticcoders.com
ğŸ“§ contact@prismaticcoders.com"
+966542072230,"Salam! Have you considered taking your store online? ğŸš€ We're offering a complete website package with FREE domain, FREE hosting & FREE logo â€” normally $2,000, now only $700! Offer ends in 5 days â€” shall we show a demo?

ğŸŒ prismaticcoders.com
ğŸ“§ contact@prismaticcoders.com"
+966568119088,"Hi! We help cell phone stores like yours grow online. ğŸš€ We're offering a complete website package with FREE domain, FREE hosting & FREE logo â€” normally $2,000, now only $700! Interested in seeing examples?

ğŸŒ prismaticcoders.com
ğŸ“§ contact@prismaticcoders.com"
+966560568506,"Hello! A professional website + marketing can 10x your visibility in Yanbu. ğŸš€ We're offering a complete website package with FREE domain, FREE hosting & FREE logo â€” normally $2,000, now only $700! Shall we set up a call?

ğŸŒ prismaticcoders.com
ğŸ“§ contact@prismaticcoders.com"
+966114520909,"Hey there! Grab our mega website deal for your business in Yanbu. ğŸš€ We're offering a complete website package with FREE domain, FREE hosting & FREE logo â€” normally $2,000, now only $700! Do you already have a website?

ğŸŒ prismaticcoders.com
ğŸ“§ contact@prismaticcoders.com"
+966531100417,"Hi from Prismatic Coders! We make brands shine online. ğŸš€ We're offering a complete website package with FREE domain, FREE hosting & FREE logo â€” normally $2,000, now only $700! Would you like a free mockup?

ğŸŒ prismaticcoders.com
ğŸ“§ contact@prismaticcoders.com"
+9668001240900,"Hello! This week only: ğŸš€ We're offering a complete website package with FREE domain, FREE hosting & FREE logo â€” normally $2,000, now only $700! Need help with social media marketing too?

ğŸŒ prismaticcoders.com
ğŸ“§ contact@prismaticcoders.com"
+966545070336,"Hey! Let's build your storeâ€™s online presence â€” fast & secure. ğŸš€ We're offering a complete website package with FREE domain, FREE hosting & FREE logo â€” normally $2,000, now only $700! Want to explore?

ğŸŒ prismaticcoders.com
ğŸ“§ contact@prismaticcoders.com"
+966532263442,"Hi! Your shop in Yanbu deserves a strong online presence. ğŸš€ We're offering a complete website package with FREE domain, FREE hosting & FREE logo â€” normally $2,000, now only $700! Limited time only. Want details?

ğŸŒ prismaticcoders.com
ğŸ“§ contact@prismaticcoders.com"
+966538710650,"Hello from Prismatic Coders! We can boost your sales with a stunning site & social media. ğŸš€ We're offering a complete website package with FREE domain, FREE hosting & FREE logo â€” normally $2,000, now only $700! Ready to elevate your brand?

ğŸŒ prismaticcoders.com
ğŸ“§ contact@prismaticcoders.com"
+966505674848,"Hey! Want more customers in Yanbu? ğŸš€ We're offering a complete website package with FREE domain, FREE hosting & FREE logo â€” normally $2,000, now only $700! Message us now before it ends!

ğŸŒ prismaticcoders.com
ğŸ“§ contact@prismaticcoders.com"
+966598518840,"Salam! Have you considered taking your store online? ğŸš€ We're offering a complete website package with FREE domain, FREE hosting & FREE logo â€” normally $2,000, now only $700! Offer ends in 5 days â€” shall we show a demo?

ğŸŒ prismaticcoders.com
ğŸ“§ contact@prismaticcoders.com"
+966143228663,"Hi! We help cell phone stores like yours grow online. ğŸš€ We're offering a complete website package with FREE domain, FREE hosting & FREE logo â€” normally $2,000, now only $700! Interested in seeing examples?

ğŸŒ prismaticcoders.com
ğŸ“§ contact@prismaticcoders.com"
+966555166235,"Hello! A professional website + marketing can 10x your visibility in Yanbu. ğŸš€ We're offering a complete website package with FREE domain, FREE hosting & FREE logo â€” normally $2,000, now only $700! Shall we set up a call?

ğŸŒ prismaticcoders.com
ğŸ“§ contact@prismaticcoders.com"
+966567200077,"Hey there! Grab our mega website deal for your business in Yanbu. ğŸš€ We're offering a complete website package with FREE domain, FREE hosting & FREE logo â€” normally $2,000, now only $700! Do you already have a website?

ğŸŒ prismaticcoders.com
ğŸ“§ contact@prismaticcoders.com"
+966568062395,"Hi from Prismatic Coders! We make brands shine online. ğŸš€ We're offering a complete website package with FREE domain, FREE hosting & FREE logo â€” normally $2,000, now only $700! Would you like a free mockup?

ğŸŒ prismaticcoders.com
ğŸ“§ contact@prismaticcoders.com"
+966550181105,"Hello! This week only: ğŸš€ We're offering a complete website package with FREE domain, FREE hosting & FREE logo â€” normally $2,000, now only $700! Need help with social media marketing too?

ğŸŒ prismaticcoders.com
ğŸ“§ contact@prismaticcoders.com"
+966555674848,"Hey! Let's build your storeâ€™s online presence â€” fast & secure. ğŸš€ We're offering a complete website package with FREE domain, FREE hosting & FREE logo â€” normally $2,000, now only $700! Want to explore?

ğŸŒ prismaticcoders.com
ğŸ“§ contact@prismaticcoders.com"
+966500275803,"Hi! Your shop in Yanbu deserves a strong online presence. ğŸš€ We're offering a complete website package with FREE domain, FREE hosting & FREE logo â€” normally $2,000, now only $700! Limited time only. Want details?

ğŸŒ prismaticcoders.com
ğŸ“§ contact@prismaticcoders.com"
+966565005148,"Hello from Prismatic Coders! We can boost your sales with a stunning site & social media. ğŸš€ We're offering a complete website package with FREE domain, FREE hosting & FREE logo â€” normally $2,000, now only $700! Ready to elevate your brand?

ğŸŒ prismaticcoders.com
ğŸ“§ contact@prismaticcoders.com"
+966538866533,"Hey! Want more customers in Yanbu? ğŸš€ We're offering a complete website package with FREE domain, FREE hosting & FREE logo â€” normally $2,000, now only $700! Message us now before it ends!

ğŸŒ prismaticcoders.com
ğŸ“§ contact@prismaticcoders.com"
+966595743773,"Salam! Have you considered taking your store online? ğŸš€ We're offering a complete website package with FREE domain, FREE hosting & FREE logo â€” normally $2,000, now only $700! Offer ends in 5 days â€” shall we show a demo?

ğŸŒ prismaticcoders.com
ğŸ“§ contact@prismaticcoders.com"
+966531212536,"Hi! We help cell phone stores like yours grow online. ğŸš€ We're offering a complete website package with FREE domain, FREE hosting & FREE logo â€” normally $2,000, now only $700! Interested in seeing examples?

ğŸŒ prismaticcoders.com
ğŸ“§ contact@prismaticcoders.com"
+966567699462,"Hello! A professional website + marketing can 10x your visibility in Yanbu. ğŸš€ We're offering a complete website package with FREE domain, FREE hosting & FREE logo â€” normally $2,000, now only $700! Shall we set up a call?

ğŸŒ prismaticcoders.com
ğŸ“§ contact@prismaticcoders.com"
+966507836957,"Hey there! Grab our mega website deal for your business in Yanbu. ğŸš€ We're offering a complete website package with FREE domain, FREE hosting & FREE logo â€” normally $2,000, now only $700! Do you already have a website?

ğŸŒ prismaticcoders.com
ğŸ“§ contact@prismaticcoders.com"
+966596165503,"Hi from Prismatic Coders! We make brands shine online. ğŸš€ We're offering a complete website package with FREE domain, FREE hosting & FREE logo â€” normally $2,000, now only $700! Would you like a free mockup?

ğŸŒ prismaticcoders.com
ğŸ“§ contact@prismaticcoders.com"
+966563104247,"Hello! This week only: ğŸš€ We're offering a complete website package with FREE domain, FREE hosting & FREE logo â€” normally $2,000, now only $700! Need help with social media marketing too?

ğŸŒ prismaticcoders.com
ğŸ“§ contact@prismaticcoders.com"
+9668001110888,"Hey! Let's build your storeâ€™s online presence â€” fast & secure. ğŸš€ We're offering a complete website package with FREE domain, FREE hosting & FREE logo â€” normally $2,000, now only $700! Want to explore?

ğŸŒ prismaticcoders.com
ğŸ“§ contact@prismaticcoders.com"
